name,address,pcr_test,antigen_test
サンセイつじ薬局,北海道 字伏木戸町531-4,False,True
アイン薬局 江差店,北海道 伏木戸町531-7,True,True
江差調剤薬局,北海道 伏木戸町554-2,True,True
奥尻町国民健康保険病院,北海道 字奥尻４６２番地,True,True
アイン薬局　今金町,北海道 今金町字今金48-16,True,True
キタガワ薬局,北海道 北檜山区北檜山21番地,False,True
さくら薬局　せたな店,北海道 北檜山区北檜山375番３,False,True
せたな町立国保病院,北海道 北檜山区北檜山378番地,True,True
北海道ファーマライズ　留萌大町薬局,北海道 大町3丁目20-1、29-1、29-3,False,True
セントラル薬局,北海道 栄町1丁目34-2,False,True
調剤薬局ツルハドラッグ　留萌店,北海道 花園町4丁目6番21号,True,True
医療法人社団オロロン会　苫前クリニック,北海道 字苫前236番地の1,True,True
アイン薬局　苫前店,北海道 苫前町字古丹別650-20,True,True
調剤薬局ツルハドラッグ　羽幌店,北海道 栄町117-5,True,True
初山別村立初山別診療所,北海道 字初山別122-8,True,True
天塩町立国民健康保険病院,北海道 川口5699番地3,True,True
前田中央薬局,北海道 歯舞3丁目19,False,True
株式会社ヤマフク　ふくだ薬局,北海道 松ヶ枝町2丁目23番地,False,True
川口薬局　西春別支店,北海道 西春別駅前栄町７７番地,False,True
たかつ薬局,北海道 別海西本町16番地,False,True
（株）松川薬局,北海道 別海西本町３９番地,False,True
別海調剤センター薬局,北海道 別海西本町49番地,False,True
Mow薬局,北海道 別海西本町73番地,False,True
ファーマライズ（株）川口薬局　本店,北海道 西5条北１丁目2－1,False,True
サツドラ薬局　中標津西店,北海道 西6条南11丁目6-2,False,True
調剤薬局ツルハドラッグ中標津東店,北海道 東18条南11丁目1-1,True,True
川口薬局標津店,北海道 北1条西5丁目6-3,False,True
羅臼調剤薬局,北海道 栄町100番地,False,True
木下グループ新型コロナ検査センター　稚内市指定新型コロナ検査所,北海道 開運2-3,True,True
アイン薬局　稚内栄店,北海道 栄1丁目24-4,True,True
調剤薬局ツルハドラッグ　稚内栄店,北海道 栄5丁目8番11号,True,True
医療法人社団凜誠会クリニック　森の風,北海道 潮見3丁目6番32号,True,False
調剤薬局ツルハドラッグ　稚内新光店,北海道 新光町1483番地82,True,True
アイン薬局 稚内末広店,北海道 末広3丁目6-2,True,True
調剤薬局ツルハドラッグ　南稚内店,北海道 大黒2丁目3番地,True,True
アイン薬局　稚内店,北海道 中央4丁目14-43,True,True
医療法人社団オロロン会　南稚内クリニック,北海道 港4丁目8番17,True,True
日本調剤稚内中央薬局,北海道 稚内市中央４丁目１０－１０,False,True
猿払村国民健康保険病院,北海道 鬼志別北町28番地,False,True
センタ－薬局　浜頓別店,北海道 旭ヶ丘２丁目29-3,False,True
すずらん薬局　中頓別店,北海道 字中頓別175番地35,False,True
枝幸調剤センター　エルム薬局,北海道 新栄町789番地3,False,True
豊富町国民健康保険診療所,北海道 字上サロベツ2543番地3,False,True
菅原薬局,北海道 沓形字日出町１番地,False,True
ファーマシーサエキ,北海道 沓形字本町４４番地,False,True
利尻島国保中央病院,北海道 沓形字緑町１１番地,True,True
さくら薬局　北見店,北海道 北3条西4丁目11番2,False,True
ポテト調剤薬局,北海道 北３条西４丁目９番地,False,True
（株）北見薬剤師会ミント調剤薬局,北海道 北6条東2丁目1番地5,False,True
日本調剤みわ薬局,北海道 北見市東三輪3丁目17番52号     ,False,True
フィール調剤薬局夕陽ヶ丘店,北海道 高栄東町1丁目24番24号,False,True
コトブキ調剤薬局　帯広店,北海道 稲田町基線7番52,False,True
イナガミ薬局大空店,北海道 大空町3丁目１４-４,False,True
フローラ薬局　帯広店,北海道 大通南13丁目5番地,False,True
調剤薬局ツルハドラッグ　帯広大通南24丁目店,北海道 大通南24丁目10,True,True
日本調剤帯広薬局,北海道 帯広市東6条南9丁目16-1,False,True
医療法人社団 大正クリニック,北海道 大正本町283番地3,True,False
まつもと薬局　南町店,北海道 西14条南34丁目4-2,False,True
調剤薬局ツルハドラッグ　帯広北店,北海道 西16条北1丁目12-78 ,True,True
どんぐり調剤薬局協立病院前店,北海道 西16条北1丁目27-131,False,True
まつもと薬局フロンティア店,北海道 西１８条北２丁目29−6,True,True
やよい調剤薬局,北海道 西１８条南３１丁目４番地３,False,True
加藤薬局　緑西店,北海道 西18条南4丁目15番16号,False,True
調剤薬局ツルハドラッグ　帯広西21条店,北海道 西21条南3丁目4-7,True,True
(株)薬創　加藤薬局西21条店,北海道 西21条南5丁目35番地7,False,True
パーク薬局西店,北海道 西22条南4丁目20番11,False,True
ナカジマ薬局西23条店,北海道 西23条南2丁目16番38号,False,True
ナカジマ薬局西25条店,北海道 西25条南1丁目14番48号 ,False,True
フォー・ユウ調剤薬局,北海道 西２条南11丁目16 第3エーワンビル１階,False,True
(有)いしはら薬局,北海道 西2条南23丁目9番地1,False,True
つたいトラベルサービス検査所,北海道 西２条南２４丁目１２番地１,True,False
よつば調剤薬局,北海道 西2条南2丁目18番地4,False,True
まつもと薬局西6条店,北海道 西６条南６丁目４番地２,False,True
フォー・ユウ調剤薬局　西7条店,北海道 西7条北1丁目2,False,True
ナカジマ薬局　帯広在宅調剤センター,北海道 西７条南７丁目２番地６,False,True
アイン薬局　帯広西7条店,北海道 西7条南8丁目1番地3,True,True
調剤薬局ツルハドラッグ　帯広西8条店,北海道 西8条南10丁目1-1,True,True
(株)緑西加藤調剤薬局　加藤薬局南店,北海道 西8条南26丁目57番地,False,True
あじさい薬局,北海道 西９条南12丁目4-1,False,True
とかち西南薬局,北海道 西9条南13丁目4-15,False,True
はくりん台薬局,北海道 柏林台中町1丁目1番,False,True
つがやす薬局東２条店,北海道 東２条南１４丁目１-2,False,True
ナカジマ薬局　協会病院前店,北海道 東6条南8丁目19,False,True
こひつじ薬局,北海道 南の森西9丁目11番16号,False,True
（株）向平健康堂薬局,北海道 大通7丁目3番地,False,True
調剤薬局ツルハドラッグ　音更店,北海道 木野大通西15丁目2番4号,True,True
医療法人社団翔嶺館　音更宏明館病院,北海道 木野大通東17丁目1番6,True,True
アイン薬局　孝仁会記念病院店,北海道 愛国191-212,True,True
高栄調剤薬局,北海道 高栄東町4丁目1-10,False,True
調剤薬局ツルハドラッグ　北見公園店,北海道 公園町139-10,True,True
アイン薬局　北見店,北海道 寿町2丁目4-10,True,True
フィール調剤薬局寿店,北海道 寿町3丁目4番20号,False,True
桜町調剤薬局,北海道 桜町5丁目20-3,False,True
アイン薬局　中央三輪店,北海道 中央三輪2丁目302番地3,True,True
調剤薬局ツルハドラッグ　北見三輪北店,北海道 中央三輪2丁目313-1,True,True
調剤薬局ツルハドラッグ　北見メッセ店,北海道 中央三輪5丁目423-5 ,True,True
アイン薬局　常呂町店,北海道 常呂町字常呂573-2,True,True
さくら薬局　北見南仲町店,北海道 南仲町1丁目6番34,False,True
アイン薬局 北見美山店,北海道 美山町東2丁目68-69,True,True
調剤薬局ツルハドラッグ　網走北店,北海道 北4条西4丁目1-5,True,True
アイン薬局　網走厚生病院店,北海道 北6条西1丁目9番地,True,True
よつば薬局,北海道 南４条西３丁目３番地,False,True
調剤薬局ツルハドラッグ　広域紋別病院前店,北海道 落石町１丁目3-88,True,True
調剤薬局ツルハドラッグ　紋別緑町店,北海道 緑町５丁目６番１７号,True,True
調剤薬局ツルハドラッグ　美幌店,北海道 字稲美89-4,True,True
加藤信陽堂薬局,北海道 網走郡津別町字幸町5番地,False,True
ナカジマ薬局知床斜里店,北海道 青葉町41番地2,False,True
小清水赤十字病院,北海道 南町2丁目3番3号,True,False
置戸赤十字病院,北海道 字置戸77番地,True,True
アイン薬局 遠軽店,北海道 岩見通北2丁目2番1,True,True
アイン薬局　丸瀬布店,北海道 丸瀬布新町274-1,True,True
アイン薬局　中湧別店,北海道 中湧別町3020-15,True,True
滝上町国民健康保険診療所,北海道 サクルー原野基線13番地,True,False
あかつき調剤薬局,北海道 字雄武1482番15号,False,True
雄武町国民健康保険病院,北海道 字雄武1482-2,True,False
公園通り調剤薬局,北海道 すずらん台仲町1丁目1番地,False,True
しほろ調剤薬局,北海道 字士幌西2線167番地,False,True
上士幌薬局,北海道 上士幌東3線240-74,False,True
まつもと薬局　しかおい店,北海道 東町3丁目1番地4,False,True
ナカジマ薬局清水店,北海道 南2条3丁目1番4号,False,True
ナカジマ薬局めむろ店,北海道 東4条2丁目19-1 ,False,True
センター薬局　中札内店,北海道 西2条南3丁目23番1,False,True
フキナ調剤薬局,北海道 字更別190番地18,False,True
いずみ薬局,北海道 1条通34-2,False,True
オリーブ薬局,北海道 西本通98番地,False,True
タカダ薬局,北海道 本通６丁目４番地,False,True
おち小児科医院,北海道 札内新北町4-1,True,True
つがやす薬局池田店,北海道 東２条７,False,True
太陽の丘薬局,北海道 西美里別6番地28,False,True
ナカジマ薬局　あしょろ南２条店,北海道 南２条２丁目7-6,False,False
メモリアル薬局,北海道 愛国191番5719,False,True
釧路調剤薬局アルファ店,北海道 愛国西２丁目１番２１号,False,True
アイン薬局　釧路芦野店,北海道 芦野1丁目27-26,True,True
さくら薬局　音別店,北海道 音別町中園２丁目119番10号,False,True
たかはし薬局本店,北海道 共栄大通7-2-12,False,True
日本調剤新栄薬局,北海道 釧路市新栄町20-2,False,True
ひかり薬局鳥取大通店,北海道 釧路市鳥取大通4丁目12番20号,False,True
株式会社金安薬局　中園店,北海道 釧路市豊川町17番20号,False,True
日本調剤中園薬局,北海道 釧路市中園町6-12,False,True
さくら薬局　釧路桜ヶ岡店,北海道 桜ヶ岡１丁目10番29号,False,True
たかはし薬局はなしのぶ店,北海道 昭和南3-10-2,False,True
医療法人社団　うえはら耳鼻咽喉科クリニック,北海道 昭和南3丁目10-12,True,False
みま薬局　昭和店,北海道 昭和南3丁目9番10号,False,True
たにぐち薬局,北海道 白樺台1丁目10番3,False,True
菅野薬局,北海道 白金町22番22号,False,True
くすりの蔵や,北海道 新橋大通5-1-12,True,True
調剤薬局ツルハドラッグ　新橋大通店,北海道 新橋大通1丁目2番17号,True,True
くしろ市民薬局,北海道 鶴ケ岱2丁目3-4,False,True
日本調剤釧路薬局,北海道 鶴ケ岱２丁目３番７号 ,False,True
フロンティア薬局鶴ケ岱店,北海道 鶴ケ岱2丁目3番5号,False,True
カトウ薬局鳥取店,北海道 鳥取大通3丁目11-7,False,True
調剤薬局ツルハドラッグ　中園店,北海道 中園町10番11号,True,True
斉藤薬局　浪花店,北海道 浪花町7丁目6番地,False,True
釧路調剤薬局  春採店,北海道 春採４丁目１１番５号,False,True
アイン薬局　釧路春採店,北海道 春採7丁目9-15,True,True
たかはし薬局はるとり店,北海道 春採8-2-15,False,True
斉藤薬局　東川店,北海道 東川町3番6号,False,True
アイン薬局　星が浦店,北海道 星が浦大通3丁目9番75,True,True
まつうら調剤薬局,北海道 松浦町12番5号,True,True
あさひ薬局,北海道 緑ヶ岡６丁目１６番１８号,False,True
むつみ薬局武佐店,北海道 武佐3丁目47-1,False,True
調剤薬局ツルハドラッグ　釧路若松店,北海道 若松町12-13,True,True
マザー薬局,北海道 桂木２丁目６番地,False,True
さくら薬局　遠矢店,北海道 河畔７丁目51番地５,False,True
むつみ薬局光和店,北海道 光和2丁目2-2,False,True
ひかり薬局東陽大通店,北海道 東陽大通西1丁目3-25,False,True
むつみ薬局,北海道 睦2-1-4,False,True
さくら薬局　厚岸店,北海道 真栄1丁目80,False,True
町立厚岸病院,北海道 住の江１丁目１番地,True,False
きりたっぷ調剤薬局,北海道 霧多布東３条１丁目１２番３,False,True
ドレミ調剤薬局,北海道 旭２丁目１－１,False,True
標茶町立病院,北海道 開運4丁目1番地,True,False
さくら薬局　弟子屈店,北海道 湯の島３丁目１番12号,False,True
みま薬局,北海道 西庶路東１条南２丁目１番３,False,True
医療法人社団　しらぬかクリニック,北海道 東1条北1丁目3-9,False,True
調剤薬局ツルハドラッグ　旭川日赤前店,北海道 1条通1丁目3-232,True,True
調剤薬局ツルハドラッグ　１条店,北海道 1条通23丁目111-24,True,True
アイン薬局　旭川一条通店,北海道 1条通6丁目78番1クリスタルビル１階,True,True
調剤薬局ツルハドラッグ　旭川中央店,北海道 1条通8丁目187番地1,True,True
旭薬ホクト薬局,北海道 2条通1丁目左1号,False,True
ナカジマ薬局足寄店,北海道 南5条3丁目3-5,False,True
北海道ファーマライズ　陸別薬局,北海道 字陸別原野分線５番地５,False,True
アイン薬局　旭川曙店,北海道 2条通1丁目右1,True,True
日本調剤旭川四条薬局,北海道 ４条通13丁目834番地 ,False,True
調剤薬局ツルハドラッグ　旭川４条店,北海道 ４条通１５丁目７５０,True,True
アイン薬局　旭川東店,北海道 4条通19丁目1719-4,True,True
調剤薬局ツルハドラッグ　旭川４条西店,北海道 4条通1丁目2241-6,True,True
はな保険薬局,北海道 ４条西７丁目１番３－１号,False,True
みらくる薬局昭和通り店,北海道 6条通7丁目30-1 エクセルA1ビル1階,False,True
調剤薬局クスリのツルハ　旭川6条店,北海道 6条通7丁目31-1　アクアビル1階 ,True,True
日本調剤旭橋薬局,北海道 旭川市金星町1丁目1  ,False,True
日本調剤春光一条薬局,北海道 旭川市春光1条8丁目12-36 ,False,True
日本調剤旭川二条薬局,北海道 旭川市二条通１丁目４９９－３,False,True
日本調剤旭川薬局,北海道 旭川市緑が丘東三条一丁目2番1号  ,False,True
マリー薬局,北海道 旭町2条6丁目12番地74　オークヒルズ2･6　1階,False,True
調剤薬局ツルハドラッグ　大町店,北海道 大町2条14丁目 ,True,True
調剤薬局ツルハドラッグ　旭川大町3条店,北海道 大町3条5丁目2397-18,True,True
十字街中央薬局,北海道 神居1条１０丁目２番９号,False,True
クオール株式会社　サンビレッジ調剤薬局,北海道 神居2条18-16-15,False,True
調剤薬局ツルハドラッグ旭川神居東店,北海道 神居3条18丁目2番5号,True,True
カムイの森調剤薬局,北海道 神居3条4丁目１番4号,False,True
調剤薬局ツルハドラッグ　神居3条店,北海道 神居3条5丁目1-2,True,True
エースリー調剤薬局　神居店,北海道 神居3条9丁目 1-3,True,True
旭薬ナナカマド薬局,北海道 金星町１丁目２－１５,False,True
旭川中央薬局,北海道 金星町1丁目2番17号,False,True
アイン薬局　旭川店,北海道 金星町1丁目2-3,True,True
さくら薬局　旭川新富店,北海道 新富2条1丁目1番13,False,True
調剤薬局ツルハドラッグ　旭川末広北店,北海道 末広１条１０丁目１番２０号,True,True
調剤薬局ツルハドラッグ　忠和店,北海道 忠和4条6丁目4番12号,True,True
まつもと調剤薬局,北海道 東光十三条１丁目５番４号,False,True
調剤薬局クスリのツルハ　東光5条店,北海道 東光5条5丁目3-2,True,True
アイン薬局　豊岡店,北海道 豊岡7条2丁目1-7,True,True
調剤薬局ツルハドラッグ　豊岡12条店,北海道 豊岡12条4丁目5-6,True,True
はやし内科胃腸科小児科医院,北海道 豊岡13条5丁目1-3,True,True
調剤薬局ツルハドラッグ　旭川豊岡７条店,北海道 豊岡7条2丁目2番3号,True,True
きのえ薬局,北海道 豊岡２条７丁目４－１１,False,True
恵愛調剤薬局　永山店,北海道 永山2条16丁目5-14,False,True
ミント調剤薬局永山店,北海道 永山２条７丁目５８－３８,False,True
パルム薬局永山店,北海道 永山３条１３丁目２－１,False,True
調剤薬局クスリのツルハ　永山3条店,北海道 永山3条4丁目3-1,True,True
調剤薬局ツルハドラッグ　永山7条店,北海道 永山7条4丁目2番4号,True,True
調剤薬局ツルハドラッグ　錦町店,北海道 錦町15丁目2903-2,True,True
丸山薬局　花咲店,北海道 花咲町6丁目4046－3,False,True
アイン薬局 旭川北店,北海道 東旭川北3条5丁目3-17,True,True
薬局マツモトファーマシー,北海道 東神楽町ひじり野北１条3-1-1,False,True
旭薬みどりがおか薬局,北海道 緑が丘２条４丁目１２－３,False,True
アイン薬局 旭川医大店,北海道 緑が丘東2条1丁目1-7　緑が丘テラス1F,True,True
調剤薬局ツルハドラッグ　旭川緑が丘店,北海道 緑が丘東３条１丁目３番３号,True,True
調剤薬局ツルハドラッグ　旭川駅前店,北海道 宮下通9丁目2番17号,True,True
十仁薬局　宮下店,北海道 宮下通9丁目396-1 たまメディカルビル1階,False,True
調剤薬局ツルハドラッグ　名寄西4条店,北海道 西4条南6丁目7番地,True,True
調剤薬局ツルハドラッグ　富良野緑町店,北海道 緑町1番14号,True,True
調剤薬局ツルハドラッグ　富良野店,北海道 本町2-8 ,True,True
アイン薬局 士別店,北海道 東11条6丁目2309-2　士別クリニックビル1F,True,True
【要予約】木下グループ PCR検査センター　旭川空港店,北海道 東2線16号98番地 旭川空港内3階,True,True
比布町立ぴっぷクリニック,北海道 中町1丁目2番10,True,True
センター薬局　上川店,北海道 花園町212番3,False,True
ひがしかわ薬局,北海道 東町１丁目１４−２,False,True
アイン薬局　美瑛店,北海道 中町4丁目100-104,True,True
美瑛調剤薬局,北海道 本町3丁目5,False,True
（有）フクヤ薬局,北海道 中町2丁目3番24号,False,True
国民健康保険 中富良野町立病院,北海道 西町３番２５号,True,True
(株）抗加齢医学研究所GG人材センター（グローバルゲイツ）,北海道 上トマム931-32,True,True
和寒調剤薬局,北海道 字西町109番地,False,True
剣淵調剤薬局,北海道 剣淵町仲町16番3号,False,True
すずらん薬局　音威子府店,北海道 字音威子府509-142,False,True
石原薬局,北海道 本通３丁目１８番地,True,True
アイン薬局 新ひだか店,北海道 静内高砂町3丁目1-13,True,True
(株)あおば調剤薬局　富川店,北海道 富川北6丁目2,False,True
(有)堺町薬品ストア,北海道 堺町東２丁目１３番３号,False,True
えりも調剤薬局,北海道 字本町215.216.217,False,True
アイン薬局 新ひだか店,北海道 静内高砂町3丁目1-13,False,True
イルカ薬局　静内店,北海道 静内青柳町４丁目１４番８号,False,True
(株)中村薬局みついし調剤,北海道 三石本町115-1,False,True
あおぞら薬局石川店,北海道 石川町149-8,False,True
みらい調剤薬局  石川店,北海道 石川町181-57,False,True
調剤薬局ツルハドラッグ　函館石川店,北海道 石川町315-9,True,True
在宅のセイル薬局函館,北海道 石川町457番地の4,False,True
さくら薬局　函館柏木店,北海道 柏木町11番７号,False,True
函館ファミリークリニック,北海道 桔梗１丁目14-1,False,True
桔梗調剤薬局,北海道 桔梗3丁目23-15,False,True
いちご薬局,北海道 桔梗5丁目１４－３,False,True
函館中央薬局　桔梗店,北海道 桔梗町418-145,False,True
クリオネさくら公園薬局,北海道 五稜郭町40-1,False,True
マリン薬局,北海道 東雲町6-1,False,True
調剤薬局ツルハドラッグ　昭和店,北海道 昭和1丁目29-7,True,True
イルカ薬局,北海道 昭和1丁目４－１９,False,True
調剤薬局ツルハドラッグ　白鳥店,北海道 白鳥町21-26,True,True
サンセイ調剤薬局本店,北海道 杉並町12-7,False,True
五稜郭調剤薬局,北海道 杉並町15番5号,False,True
【要予約】木下グループ PCR検査センター 函館空港店,北海道 高松町511番地函館空港内1階,True,True
アイン薬局　函館富岡店,北海道 富岡町3丁目1-14　田辺マンション内,True,True
さくら薬局　函館富岡店,北海道 富岡町3丁目1-17,False,True
さくら薬局　函館豊川店,北海道 豊川町２番２号,False,True
さくら薬局　函館中道店,北海道 中道１丁目25番26号,False,True
日本調剤本町薬局,北海道 函館市本町３３番３号   ,False,True
アイン薬局　函館日吉店,北海道 日吉町1丁目14-3,True,True
あおぞら薬局日吉文教通り店,北海道 日吉町2丁目1番1号,False,True
あおぞら薬局日吉店,北海道 日吉町2丁目9番8号,False,True
調剤薬局ツルハドラッグ　函館赤十字病院前店,北海道 堀川町6-22,True,True
うちやま薬局,北海道 本町30-25,False,True
サンセイ中央薬局,北海道 本町34番8-2号,False,True
アイン薬局　函館中央店,北海道 本町35-6,True,True
ハート薬局,北海道 本通1丁目7-22,False,True
調剤薬局ツルハドラッグ　函館松風店,北海道 松風町12番6号,True,True
あおい薬局松風店,北海道 松風町１８－１７,False,True
深瀬医院,北海道 松川町30-12,True,True
さくら薬局　函館松川店,北海道 松川町41番3号,False,True
調剤薬局ツルハドラッグ　五稜郭店,北海道 港町1丁目１-２,True,True
アイン薬局 函館みなと店,北海道 港町1丁目12-29,True,True
アイン薬局　函館元町店,北海道 元町32-21,True,True
さくら薬局　南かやべ店,北海道 安浦町90番2,False,True
アイン薬局　函館湯の川店,北海道 湯川町1丁目29-11,True,True
調剤薬局ツルハドラッグ　湯川店,北海道 湯川町2丁目18-10,True,True
調剤薬局ツルハドラッグ函館湯川西店,北海道 湯川町１丁目２４－１６,True,True
レインボー薬局上磯店,北海道 久根別1丁目26番8号,False,True
わかば薬局,北海道 中央２丁目4-1,False,True
調剤薬局ツルハドラッグ　松前店,北海道 字建石49-51,True,True
日本調剤松前薬局,北海道 松前町大磯１９０－１ ,False,True
さくら薬局　木古内店,北海道 字本町707番７,False,True
いこい薬局,北海道 大川8丁目12-17,False,True
いこい薬局　桜町店,北海道 桜町1丁目3－39,False,True
医療法人社団 向井クリニック,北海道 鳴川5-1-4,True,True
さくら薬局　鹿部店,北海道 字鹿部100番114,False,True
さくら薬局　森店,北海道 字上台町326番地162,False,True
アイン薬局　八雲店,北海道 東雲町51,True,True
日本調剤東雲薬局,北海道 東雲町51-4,False,True
日本調剤長万部薬局,北海道 長万部町字長万部１８－３０,False,True
みなと薬局,北海道 海岸町1丁目１－３,False,True
なの花薬局　母恋店,北海道 新富町1丁目3番12号,False,True
クリオネ中央薬局,北海道 中央町3丁目１-３,False,True
(株)多田薬局本店,北海道 中央町3丁目4番14,False,True
北海道ファーマライズ東室蘭薬局,北海道 知利別町3丁目5-3,True,True
調剤薬局ツルハドラッグ　室蘭中島北店,北海道 中島町１丁目２３－８ カナリアビル 1階,True,True
(有)ツケダ薬局,北海道 中島町３丁目７番１１号,False,True
アイン薬局　白鳥台店,北海道 白鳥台5-19-23,True,True
アイン薬局　室蘭東町店,北海道 東町2丁目20番4号,True,True
アイン薬局　東室蘭店,北海道 東町4丁目1-17,True,True
医）はざま小児科クリニック,北海道 宮の森町4丁目12-18,True,True
ひまわり薬局,北海道 本輪西町3丁目34-5,False,True
さくら薬局　室蘭山手店,北海道 山手町3丁目12番4,False,True
アイン薬局　室蘭店,北海道 山手町3丁目7-2,True,True
ふじい薬局明野調剤,北海道 明野新町５丁目１３－２０,False,True
ふじい薬局　旭町店,北海道 旭町４丁目２９－２,False,True
調剤薬局ツルハドラッグ　苫小牧王子店,北海道 表町4丁目3-23 ,True,True
さくらぎ調剤薬局,北海道 桜木町２丁目２５－２３,False,True
調剤薬局ツルハドラッグ　苫小牧桜木店,北海道 桜木町3丁目18番19号,True,True
ふじい薬局　三光町店,北海道 三光町5丁目6番14号,False,True
ふじい薬局緑ヶ丘店,北海道 清水町1丁目2番1号,False,True
ファーアライズ薬局　緑ヶ丘病院前店,北海道 清水町１丁目５番９号,False,True
調剤薬局ツルハドラッグ　苫小牧住吉店,北海道 住吉町2丁目29番,True,True
調剤薬局ツルハドラッグ　苫小牧拓勇西店,北海道 拓勇西町3丁目2番1号,True,True
さくらファミリークリニック,北海道 東開町3丁目17-21,True,True
浪岡内科消化器科クリニック,北海道 東開町4丁目20,True,True
ふじい薬局沼ノ端店,北海道 東開町4丁目２０-１９,False,True
調剤薬局ツルハドラッグ 苫小牧音羽店,北海道 音羽町２丁目１８番１３号,True,True
日本調剤日新薬局,北海道 日新町2丁目7-15 ,False,True
ふじい薬局花園店,北海道 花園町4丁目3-26,False,True
ふじい薬局双葉調剤,北海道 双葉町1丁目3－4,False,True
調剤薬局ツルハドラッグ　沼ノ端北店,北海道 北栄町1丁目23-15,True,True
ふじい薬局沼ノ端北調剤,北海道 北栄町2丁目27番37号,False,True
クローバー薬局元中野店,北海道 元中野町3-8-11,True,True
ふじい薬局　柳町店,北海道 柳町4丁目１２－１７,False,True
調剤薬局ツルハドラッグ　苫小牧弥生店,北海道 弥生町1丁目2番8号,True,True
（有）ホリタドラッグ,北海道 新生町3丁目10-17,True,True
ほくと薬局,北海道 新生町３丁目１１－１８,False,True
とんけし耳鼻咽喉科クリニック,北海道 富岸町2-2-3,True,True
あいあい薬局,北海道 鹿島町31番地13,False,True
桜の杜薬局,北海道 末永町49番地７,False,True
アイン薬局　伊達店,北海道 末永町58,True,True
オアシスひかり薬局,北海道 末永町62,False,True
ひかり薬局舟岡店,北海道 舟岡町212番地9,False,True
インター薬局,北海道 松ヶ枝町30番地１３,False,True
駅前通り調剤薬局,北海道 山下町159番地１,False,True
白老町立国民健康保険病院,北海道 日の出町３-１-１,True,False
医療法人社団　健厚会　あつまクリニック,北海道 京町15番地,False,True
(株)エムズ　みうら薬局,北海道 高砂町１５９番地2,False,True
ひかり薬局洞爺湖店,北海道 高砂町32番地4,False,True
本町薬局,北海道 本町195-15,False,True
赤いひまわり薬局,北海道 追分本町1丁目37-3,True,True
医療法人社団並木会渡邊病院,北海道 早来大町116-4,True,True
ふじい薬局早来大町店,北海道 早来大町79-3,False,True
(株)ほべつ調剤薬局,北海道 穂別81番39,False,True
むかわ町鵡川厚生病院,北海道 美幸1丁目86番地,False,True
三ツ野薬局本店,北海道 稲穂1丁目4-15,False,True
調剤薬局ツルハドラッグ　小樽店,北海道 稲穂2丁目9-11,True,True
株式会社　Plus H,北海道 稲穂3-9-1　１F,True,True
日本調剤江別薬局,北海道 一番町３番地２８,False,True
ロイテ調剤薬局　大麻店,北海道 大麻ひかり町32-1,False,True
調剤薬局ツルハドラッグ　大麻店,北海道 大麻東町14-5,True,True
北海道ファーマライズ江別調剤薬局,北海道 上江別東町44-19,False,True
アイン薬局　江別店,北海道 幸町22-23,True,True
サツドラ薬局　江別店,北海道 高砂町3番地2,False,True
野幌よつば調剤薬局,北海道 野幌末広町2-36,False,True
ナカジマ薬局　野幌店,北海道 野幌町26番地12,False,True
エルク保険薬局,北海道 野幌町７１－１１　1階,False,True
調剤薬局ツルハドラッグ　東野幌店,北海道 東野幌本町35-2,True,True
江別市立病院,北海道 若草町6番地,True,False
調剤薬局ツルハドラッグ　千歳新富店,北海道 新富1丁目5番10号,True,True
すずき薬局,北海道 住吉3-16-11,False,True
調剤薬局ツルハドラッグ千歳高台店,北海道 高台4丁目3番5号,True,True
アイン薬局　千歳富丘店,北海道 富丘4丁目1-22　ハイツまきば1階,True,True
グランツ薬局錦町店,北海道 錦町１丁目１２-４,False,True
【要予約】木下グループ PCR検査センター　新千歳空港店,北海道 美々国内線ターミナルビル2階,True,True
ファーマライズ薬局　千歳北陽店,北海道 北陽8丁目12-4,False,True
ちとせおひさまこどもクリニック,北海道 北陽8丁目12-5,False,True
緑町診療所,北海道 緑町1丁目3-30　めでるちとせ,True,False
アイン薬局　恵庭駅前店,北海道 相生町2-1　いざりえ恵庭ビル3階,True,True
アイン薬局 恵庭店,北海道 白樺町1丁目1-3,True,True
イルカ薬局　めぐみの店,北海道 中島町5丁目11番5号,False,True
社会医療法人　恵和会　恵庭第一病院,北海道 福住町1丁目6番6,True,True
アイン薬局　恵庭第一店,北海道 福住町1丁目6-7,True,True
さくら薬局　恵庭恵み野店,北海道 恵み野里美1丁目1番6,False,True
調剤薬局ツルハドラッグ　恵み野西店,北海道 恵み野西3丁目 1-1,True,True
（有）マツシタ調剤薬局,北海道 恵み野西6丁目20-5,False,True
コストコホールセール　石狩倉庫店薬局,北海道 新港南2丁目733-1,False,True
調剤薬局ツルハドラッグ　花川北店,北海道 花川北3条1丁目4-2,True,True
クオール薬局花川店,北海道 花川北6条3丁目110-3,False,True
クリオネばらと薬局,北海道 花川東１条４丁目６１,False,True
調剤薬局ツルハドラッグ　花川南店,北海道 花川南3条5丁目8番,True,True
アイン薬局　夕張店,北海道 社光20,True,True
いずみ薬局,北海道 10条西四丁目2-1,False,True
調剤薬局ツルハドラッグ　岩見沢駅前店,北海道 1条西6丁目7番1号,True,True
ハート調剤薬局,北海道 ４条西７丁目１番地,True,True
さくら薬局　岩見沢4条店,北海道 4条西8丁目1番　ヤマシチ48ビル1階,False,True
さくら薬局　岩見沢6条店,北海道 6条西1丁目7番3,False,True
サツドラ薬局　岩見沢6条店,北海道 6条西3丁目2-4,False,True
くぴどクリニック,北海道 志文町301番地,False,False
さくら薬局　岩見沢東町店,北海道 東町1条8丁目932-116,False,True
調剤薬局ツルハドラッグ　岩見沢大和店,北海道 大和１条８丁目3-1,True,True
アイン薬局　美唄大通店,北海道 大通東1条北3丁目1-1,True,True
アイン薬局　美唄店,北海道 西1条北1丁目2-11,True,True
ナカジマ薬局　美唄店,北海道 西1条北1丁目3番10号,False,True
株式会社一の薬局,北海道 南1条東1丁目11,False,True
調剤薬局ツルハドラッグ　赤平店,北海道 字赤平540番1,True,True
アイン薬局 赤平店,北海道 大町3丁目1-2,True,True
わかやぎ調剤薬局,北海道 若松町１１番１,True,True
調剤薬局ツルハドラッグ　滝川朝日町店,北海道 朝日町西2丁目1-36,True,True
ナカジマ薬局　市立病院前店,北海道 大町１丁目1-17,False,True
さくら薬局　滝川店,北海道 大町2丁目1番30　クリーンズビル,False,True
すみれ調剤薬局,北海道 栄町2丁目5-14,True,True
はまなす薬局　滝川店,北海道 空知町3丁目124番2,False,True
ナカジマ薬局　滝川西町店,北海道 西町１丁目２－８,False,True
日本調剤ホリ薬局,北海道 砂川市西三条北２丁目１６－３   ,False,True
そらちぶと調剤薬局,北海道 空知太東1条3丁目1番15号,True,True
ウリ薬局,北海道 西1条北1丁目1-36,True,True
調剤薬局ツルハドラッグ　砂川店,北海道 西1条南2丁目1番1号,True,True
ナカジマ薬局砂川店,北海道 西2条北３丁目1番１号,False,True
はまなす薬局　砂川店,北海道 西3条北3丁目1-2,False,True
北海道ファーマライズ深川薬局,北海道 5条9番3号,False,True
こじか薬局　南幌店,北海道 栄町1丁目1－24,False,True
ゆに･ハーブ薬局,北海道 本町359番地,False,True
せのた内科クリニック,北海道 入船1丁目8-15,False,True
メルヘン調剤薬局,北海道 入船１丁目8-16,False,True
日本調剤小樽薬局,北海道 勝納町8番25,False,True
有限会社くるみ薬局,北海道 桂岡町2－19,False,True
イルカ薬局　幸店,北海道 幸町４丁目３０番１８号,False,True
パシフィック薬局　南小樽店,北海道 潮見台1丁目5-6,False,True
クリオネ住ノ江薬局,北海道 住ノ江1丁目4-14,False,True
住ノ江薬局,北海道 住ノ江2丁目1番2号,False,True
医療法人社団　おたる呼吸器内科,北海道 長橋3丁目7番3号,True,True
鹿島薬局,北海道 長橋3丁目8番1,False,True
イルカ薬局錦町店,北海道 錦町5番10号,False,True
調剤薬局ツルハドラッグ　小樽錦町店,北海道 錦町14番14号,True,True
錦町調剤薬局,北海道 錦町15番3号,False,True
クローバー薬局,北海道 花園３丁目１９番地１６,False,True
ハロー薬局,北海道 緑２丁目２７番１号,False,True
サツドラ薬局　小樽若松店,北海道 若松2丁目6-8,False,True
島牧診療所,北海道 泊29-1,True,True
寿都そよかぜ薬局,北海道 字渡島町72番地6,False,True
アイン薬局　喜茂別店,北海道 字喜茂別13-46,True,True
ニセコインターナショナルクリニック,北海道 宇山田76-100,True,True
医療法人社団白樺会 白樺会内科クリニック,北海道 北２条西３丁目２－１,True,True
小沢診療所,北海道 小沢９５番地２５６,True,True
発足診療所,北海道 発足１４番地,True,True
前田診療所,北海道 前田11番地16,True,False
アイン薬局　岩内店,北海道 字栄186-3,True,True
神恵内村立神恵内診療所,北海道 大字神恵内村10番地,True,True
古平町立診療所　海のまちクリニック,北海道 大字浜町644番地1,False,True
いしばしあきら薬局,北海道 大字浜町645番地,False,True
チェリー薬局,北海道 大川町５丁目２７－６,False,True
日本調剤余市薬局,北海道 黒川町１９丁目１５番地１３,False,True
レモン薬局,北海道 黒川町２丁目１５,False,True
和榮堂薬局,北海道 黒川町3丁目140番地,False,True
みらい調剤薬局　花川店,北海道 花川南7条1丁目3番地,False,True
泉調剤薬局,北海道 泉町１丁目2-8,False,True
コスモス調剤薬局　大曲店,北海道 大曲末広1丁目2-1,False,True
くりはら薬局,北海道 大曲中央２丁目２－２５,False,True
アイン薬局 北広島店,北海道 中央6丁目1-3　北広島メディカルプラザ1F,True,True
（株）アクト調剤　,北海道 中央南1丁目６番２３号,False,True
調剤薬局ツルハドラッグ　長沼中央店,北海道 錦町南1丁目6番21号,True,True
日本調剤栗山薬局,北海道 朝日２丁目３３番地,False,True
ナカジマ薬局　日赤前店,北海道 朝日２丁目４７番地,False,True
ロイテ調剤薬局　栗山店,北海道 中央3丁目327,False,True
武藤薬局,北海道 字中央18-17,False,True
MyPass PCR札幌,北海道 北3条西7丁目道庁別館1階,True,True
ブレインクリニック浜松町　札幌駅西口検査所,北海道 北六条西４丁目（JR札幌駅構内）,True,False
【要予約】木下グループ PCR検査センター　札幌大通店,北海道 南1条西2丁目4-1,True,True
フローラ薬局西18丁目駅前店,北海道 大通西16丁目1-10 ＩＴＣセンタービル1Ｆ,False,True
アイン薬局　西18丁目店,北海道 大通西17丁目1-27 札幌メディケアセンタービル桂和3階,True,True
クリオネ西20丁目薬局,北海道 大通西20丁目2番20　エクセルS1ビル6階,False,True
みらくる薬局あすなろ昭和ビル店,北海道 大通西5丁目8番地昭和ビル3階,False,True
パルス薬局　桑園店,北海道 北11条西14丁目1-1,False,True
医療法人社団　水色の木もれ陽 肝臓クリニック札幌,北海道 北11条西15丁目2番１ サンエーアインビル3階,False,True
セイル薬局札幌,北海道 北11条西24丁目1番20号,False,True
アスティ４５薬局,北海道 北4条西5丁目1番　アスティ45ビル地下1階,False,True
トマト調剤薬局,北海道 北1条西23丁目2番14,False,True
アイン薬局　時計台店,北海道 北1条東1丁目6　札幌イーストスクエア1F,True,True
みらくる薬局北2条店,北海道 北2条西1丁目1　マルイト札幌ビル2階,False,True
アイン薬局 西28丁目店,北海道 北2条西28丁目1-26　エストラーダ円山1F,True,True
みらくる薬局駅前通店,北海道 北2条西3丁目1－8朝日生命札幌ビル2階,False,True
みらくる薬局道庁前店,北海道 北３条西４丁目  日本生命札幌ビル３階,False,True
札幌在宅調剤センター,北海道 北３条東８丁目８－４ 砂子ビル１階,False,True
調剤薬局ツルハドラッグ 北4条店,北海道 北4条西18丁目8番1号  ﾌﾟﾚﾐｱﾑｶﾞｰﾃﾞﾝ北円山1階,True,True
ツルハ　N4薬局,北海道 北4条西18丁目8番1号　ﾌﾟﾚﾐｱﾑｶﾞｰﾃﾞﾝ北円山2階,True,True
宮の森よつば薬局,北海道 北4条西29丁目2-7　ｴｳﾞｧﾝｽｺｰﾄ宮の森１Ｆ,False,True
TCB東京中央美容外科　札幌院,北海道 北4条西2丁目1番2 キタコートレードビル6階,True,False
みらくる薬局札幌駅前店,北海道 北4条西3丁目1　札幌駅前合同ビル5階,False,True
アイン薬局　北4条店,北海道 北4条西7丁目1番4　北農健保会館1階,True,True
サツドラ薬局　円山西２８丁目店,北海道 北５条西２８丁目１番,False,True
アステル薬局　桑園店,北海道 北8条西16丁目28-124,False,True
調剤薬局ツルハドラッグ　桑園店,北海道 北9条西15丁目2,True,True
ユウセイ薬局　中央店,北海道 南15条西11丁目1-5,False,True
リード調剤薬局,北海道 南１５条西１４丁目1-22 マックスバリュ南15条店2階,False,True
厚生堂調剤薬局,北海道 南1条西10丁目4,False,True
調剤薬局ツルハドラッグ　西14丁目店,北海道 南1条西14丁目１-５,True,True
さくら薬局　札幌南１条店,北海道 南一条西15丁目１番10号 パレ宮崎,False,True
日本調剤札医大前薬局,北海道 南１条西１６丁目１番地,False,True
日本調剤医大前調剤薬局,北海道 南１条西１６丁目１番２４６号ANNEXレーベンビル１F,False,True
医大前フローラ薬局,北海道 南1条西16丁目1-8,False,True
みらくる薬局大丸藤井セントラル店,北海道 南1条西3丁目2番地大丸藤井セントラルビル地下1階,False,True
日本調剤南一条調剤薬局,北海道 南１条西４丁目大手町ビル,False,True
愛生舘ビル薬局,北海道 南１条西５丁目７番地　愛生舘ビル１階,False,True
みらくる薬局あすなろ北辰ビル店,北海道 南1条西6丁目11　　札幌北辰ビル1階,False,True
みらくる薬局大通東店,北海道 南1条東2丁目5-1　MⅡビル地下１階,False,True
みらくる薬局中央図書館前店,北海道 南21条西13丁目2番11号,False,True
みらくる薬局山鼻店,北海道 南21条西14丁目3-14,False,True
医療法人社団土田病院,北海道 南21条西9丁目2-11,True,True
さくら薬局　札幌もいわ店,北海道 南二十四条西１５丁目１番１号,False,True
さくら薬局　札幌山鼻南店,北海道 南二十七条西13丁目1番22,False,True
さくら薬局　札幌南２条店,北海道 南二条西10丁目５番３ PPCビル１F,False,True
東洋薬局,北海道 南２条西24丁目１３１番地,False,True
(株)ライラックガーデン　アガタ薬局,北海道 南3条西6丁目10-1,False,True
北海道薬剤師会会営業局,北海道 南４条西１５丁目１-３２　ほくやく南４条ビル２Ｆ,False,True
クリオネ南4条薬局,北海道 南4条西25丁目2-20,False,True
株式会社ANTHEBLISS,北海道 南4条西3丁目　八の字ビル地下1階,True,False
クリオネ桜通り薬局,北海道 南5条西24丁目1-29,False,True
ケンコウ堂薬局,北海道 南５条西４丁目7番地南興ビル１階,False,True
サツドラ薬局　旭ヶ丘南8条店,北海道 南８条西２３丁目４番１号,False,True
調剤薬局ツルハドラッグ　旭ヶ丘8条店,北海道 南8条西24丁目2-10,True,True
旭山内科クリニック,北海道 南8条西24丁目2-11　メディカル旭山公園2F,True,True
調剤薬局ツルハドラッグ　南8条店,北海道 南８条西７丁目1037-27,True,True
さくら薬局　札幌南九条店,北海道 南九条西7丁目1番28,False,True
さかもと調剤薬局,北海道 宮の森2条7丁目2番25号,False,True
宮の森ホームケア薬局,北海道 宮の森3条1丁目1-35,False,True
サツドラ薬局　宮の森3条店,北海道 宮の森3条2丁目5-1,False,True
調剤薬局ツルハドラッグ　宮の森3条店,北海道 宮の森3条6丁目2-15,True,True
N18調剤薬局,北海道 18条西6丁目3-8,False,True
きりはな薬局,北海道 あいの里1条３丁目４－８,False,True
麻生ポプラ薬局,北海道 麻生町6丁目14番5,False,True
調剤薬局ツルハドラッグ北10条西店,北海道 北10条西3丁目9番2号 THE PLACE SAPPORO 1F,True,True
日本調剤北大前薬局,北海道 北１４条西４丁目１番１４号,False,True
調剤薬局クスリのツルハ　北大前店,北海道 北14条西4丁目1-17,True,True
えるむ薬局,北海道 北16条西4丁目1-19,False,True
わかば薬局,北海道 北17条西3丁目2番16号,False,True
医療法人社団　北20条内科クリニック,北海道 北20条西6丁目2-10,True,False
みらくる薬局北25条アトム店,北海道 北25条西5丁目1番3号 リーブル25 1階,False,True
あおぞら薬局新川店,北海道 北29条西15丁目3-14,False,True
みらくる薬局麻生駅前店,北海道 北40条西４丁目1-1 ASABULANDメディカルモール1階,False,True
日本調剤麻生薬局,北海道 北４０条西４丁目２番１号,False,True
アイン薬局 麻生店,北海道 北40条西4丁目2-15　東光ストア麻生店1F,True,True
みらくる薬局札幌駅東口店,北海道 北7条西2丁目20NCO札幌ビル3階,False,True
みらくる薬局スカイビル店,北海道 北７条西５丁目7-1 札幌北スカイビル５階,False,True
みらくる薬局札幌駅北口店,北海道 北8条西3丁目札幌エルプラザ6階,False,True
ブレインクリニック浜松町 タイムズ北２４条第６出張所,北海道 北区北２４条西３丁目１－８,True,False
サツドラ薬局　篠路店,北海道 篠路5条5丁目1-5,False,True
サツドラ薬局　篠路店,北海道 篠路5条5丁目1-5,False,True
みらくる薬局新川2条店,北海道 新川2条1丁目1番22号,False,True
新川中央薬局,北海道 新川3条7丁目1-65 DAICHOメディカルプラザ1階,False,True
みらくる薬局新川駅前店,北海道 新川4条1丁目3-3ecoa新川クリニックモール1階,False,True
ファミリー薬局　新川店,北海道 新川743-1,False,True
調剤薬局ツルハドラッグ　新琴似1条店,北海道 新琴似1条7丁目9番35号,True,True
調剤薬局ツルハドラッグ　新琴似7条店,北海道 新琴似7条6丁目2番1号,True,True
アイン薬局　新琴似店,北海道 新琴似8条13丁目1-7,True,True
イチミヤ薬局,北海道 新琴似八条1丁目1-38,False,True
川村皮フ科医院,北海道 新琴似8条7丁目１‐2　雄雪ビル2階,False,True
医療法人社団　北札幌病院,北海道 新琴似9条1丁目1番1号,False,True
調剤薬局ツルハドラッグ　拓北6条店,北海道 拓北6条5丁目2-34,True,True
みらくる薬局とんでん店,北海道 屯田5条7丁目1-50,False,True
あおば薬局　屯田店,北海道 屯田7条3丁目10番16号,False,True
屯田七条薬局,北海道 屯田7条8丁目1番1号,False,True
サツドラ薬局屯田店,北海道 屯田9条3丁目1-20　屯田メディカルモール1階,False,True
エリム薬局新琴似店,北海道 新琴似5条2丁目1-9,True,True
調剤薬局ツルハドラッグ　北１０条店,北海道 北１０条東５丁目１番４０号,True,True
アイン薬局 北12条店,北海道 北12条東4丁目1-10,True,True
日本調剤北十二条調剤薬局,北海道 北１２条東４丁目１－１１,False,True
サツドラ薬局　北１２条店,北海道 北１２条東４丁目２番１号,False,True
調剤薬局ツルハドラッグ　北12条店,北海道 北12条東8丁目3番1,True,True
クリオネ北17条薬局,北海道 北17条東13丁目4-12,False,True
調剤薬局ツルハドラッグ　北18条東店,北海道 北18条東15丁目1番10号,True,True
フラワー調剤,北海道 北20条東7丁目1-25,False,True
クリオネ北21条薬局,北海道 北21条東21丁目2－2,False,True
調剤薬局ツルハドラッグ　元町駅前店,北海道 北23条東16丁目1-11,True,True
はまなす薬局元町店,北海道 北24条東15丁目4-16,False,True
みらくる薬局もとまち店,北海道 北24条東16丁目1-7 グローバリビル1階,False,True
みどり薬局元町店,北海道 北２７条東２０丁目３番８号,False,True
エルフ調剤薬局,北海道 北30条東13丁目2-14,False,True
アイン薬局　北32条店,北海道 北32条東1丁目2-15,True,True
サツドラ薬局　北33条店,北海道 北33条東14丁目1-7,False,True
アイン薬局　北33条店,北海道 北33条東1丁目2-15,True,True
栄町まる薬局,北海道 北37条東15丁目1番24号,False,True
サツドラ薬局　麻生北40条店,北海道 北40条東1丁目1-27,False,True
アイン薬局　栄町店,北海道 北４１条東14丁目2-24　グリシーヌ41　1階,True,True
トガシ薬局,北海道 北7条東5丁目17番,False,True
みらくる薬局アリオ札幌店,北海道 北7条東9丁目2-20 アリオ札幌　２階,False,True
サツドラ薬局　北8条店,北海道 北8条東4丁目1-20,False,True
日本調剤北十一条調剤薬局,北海道 北十一条東3丁目3-12,False,True
レイル薬局,北海道 苗穂町４丁目１－４３－１０２号　中川ビル,False,True
アイン薬局 東苗穂店,北海道 東苗穂5条1丁目10-14,True,True
東区ひまわり薬局,北海道 東苗穂５条１丁目１１番１号　勤医協札幌東ビル１階,False,True
いがらし薬局,北海道 東苗穂6条2丁目6番20,False,True
みどり薬局　札苗店,北海道 東苗穂7条2丁目5-33,False,True
あおば薬局本町店,北海道 本町１条７丁目1-47,False,True
つがやす薬局苗穂店,北海道 本町２条４丁目１２,False,True
調剤薬局ツルハドラッグ　本町店,北海道 本町２条４丁目8番16号,True,True
ソラリス薬局菊水店,北海道 白石区菊水3条2丁目4-1　ニューギン札幌ビル１階,False,True
さくら薬局　札幌菊水店,北海道 白石区菊水4条2丁目1番3,False,True
日本調剤菊水四条薬局,北海道 菊水4条2丁目2番21号,False,True
しらかば薬局　白石店,北海道 菊水上町4条2丁目359-7,False,True
ただ薬局　菊水元町店,北海道 菊水元町5条2丁目2番5号,False,True
日本調剤北郷薬局,北海道 白石区北郷二条４丁目３番５号　北郷メディカル１階,False,True
ブレインクリニック浜松町 白石駅前出張所,北海道 白石区東札幌三条６丁目1-1 第２小竹ビル１F,True,False
フォルテ調剤薬局,北海道 白石区南郷通19丁目南3-11　メディカルビル97　1階,False,True
なんごう薬局,北海道 南郷通8丁目北2-2,False,True
日本調剤白石薬局,北海道 東札幌六条６丁目５番３５号,False,True
つねきクリニック,北海道 東米里2157－33,True,False
つばさ薬局,北海道 平和通9丁目南3-25,False,False
エリム薬局白石店,北海道 本通1丁目南1番13号　雄健ビル3階,True,True
ほろか薬局,北海道 本通4丁目南1-8,False,True
アイン薬局　白石店,北海道 白石区本通8丁目南1-8,True,True
本通調剤薬局,北海道 白石区本通9丁目南5-5,False,True
調剤薬局ツルハドラッグ東札幌店,北海道 東札幌1条1丁目7番1号,True,True
モリモト薬局新札幌店,北海道 厚別中央2条5丁目2-1,False,True
クリオネ新さっぽろ薬局,北海道 厚別区厚別中央2条6丁目4-6,False,True
アイン薬局 厚別通店,北海道 厚別区厚別西5条1丁目16-20　クリニックステ-ション厚別西1F,True,True
アルセ調剤薬局,北海道 厚別区厚別東1条5丁目１８-１５,True,True
医療法人社団翔嶺館　新札幌聖陵ホスピタル,北海道 厚別区厚別東4条2丁目1番30号,True,True
アイン薬局　厚別東店,北海道 厚別区厚別東4条3丁目3-1,True,True
調剤薬局ツルハドラッグ　ひばりが丘店,北海道 厚別区厚別南2丁目10番10号,True,True
日本調剤大谷地薬局,北海道 大谷地東４丁目１番２号,False,True
モリモト薬局　もみじ台南店,北海道 もみじ台南１丁目2－6,False,True
アイン薬局 新さっぽろデュオ店,北海道 厚別区厚別中央2条5丁目6-3　新さっぽろアークシティ duo-2 4F,True,True
アイン薬局　月寒西店,北海道 月寒西4条10丁目6-13,True,True
さくら薬局　札幌福住店,北海道 月寒東一条15丁目10-1,False,True
アイン薬局 福住店,北海道 月寒東1条15丁目8-30,True,True
(有)しらかば薬局,北海道 月寒東2条18丁目7-23　松本メディカル１F,False,True
調剤薬局ツルハドラッグ　月寒東2条店,北海道 月寒東２条１８丁目７−４０,True,True
日本医療大学PCR検査センター,北海道 月寒東3条11丁目1番50号,True,False
アイン薬局 日本医療大学店,北海道 月寒東3条11丁目1-57,True,True
こぐま薬局,北海道 月寒東3条17丁目1-20,False,True
みらくる薬局中の島店,北海道 豊平区中の島２条２丁目１－１ 中の島ステーションビル１階,False,True
日本調剤中の島薬局,北海道 中の島1条7丁目11-11,False,True
フロンティア薬局　中の島店,北海道 中の島1条8丁目3-32,False,True
調剤薬局ツルハドラッグ 中の島２条店,北海道 中の島二条９丁目４番２１号,True,True
サツドラ薬局中の島店,北海道 中の島2条2丁目3-3,False,True
サンドラッグ西岡薬局,北海道 西岡3条5丁目4-10,True,True
西岡メディカル薬局みなみ店,北海道 西岡４条１３丁目１７－３,False,True
西岡メディカル薬局SPACE0034,北海道 西岡4条4丁目1-10 SPACE0034内,False,True
西岡メディカル薬局水源池通り店,北海道 西岡４条７丁目７－３,False,True
平岸中央薬局,北海道 平岸1条22丁目2-15 ビッグハウスエクストラ2階,False,True
アイン薬局 札幌医療センター店,北海道 平岸1条6丁目3番35号,True,True
みらくる薬局今﨑メディカルビル店,北海道 平岸２条１４丁目１－２２今﨑メディカルビル１階,False,True
幌南フローラ薬局,北海道 平岸2条7丁目1番9,False,True
クリオネ薬局　平岸店,北海道 平岸2条7丁目2番7号,False,True
調剤薬局ツルハドラッグ　平岸店,北海道 平岸3条3丁目6番1号,True,True
平岸あおい薬局,北海道 平岸4条12丁目4番3号,False,True
ひらぎし環状通り薬局,北海道 平岸4条9丁目5-18,True,True
ナカジマ薬局　福住在宅調剤センター,北海道 福住3条4丁目1-32,False,True
ファミリー薬局　美園店,北海道 美園3条3丁目2-18,False,True
美園メディカル薬局,北海道 美園７条４丁目２番１５号　美園7・4メディカルビル1F,False,True
アップル調剤薬局,北海道 美園8条5丁目3-3,False,True
アイン薬局 月寒中央店,北海道 月寒中央通7丁目231,True,True
アイン薬局　清田店,北海道 清田区北野1条2丁目11-27,True,True
きたの調剤薬局,北海道 北野5条5丁目15番5号,False,True
北野薬局,北海道 清田区北野7条2丁目12-15,False,True
調剤薬局ツルハドラッグ　北野店,北海道 清田区北野7条5丁目12番20号,True,True
なの花薬局　清田店,北海道 清田区清田4条2丁目10-30,False,True
ナカジマ薬局　ひらおか店,北海道 平岡１条５丁目３番５号,False,True
調剤薬局ツルハドラッグ　平岡店,北海道 清田区平岡2条5丁目2-50,True,True
アーク調剤薬局石山店,北海道 石山1条6丁目1-18,False,True
いしやま調剤薬局,北海道 石山2条8丁目2-4,False,True
石山中央薬局,北海道 石山東１丁目4-27,False,True
調剤薬局クスリのツルハ　川沿店,北海道 川沿1条1丁目2-45,True,True
もいわ調剤薬局,北海道 川沿1条3丁目1-5　もいわメディカルビル１階,False,True
マーレ保険薬局,北海道 澄川4条4丁目11-28,False,True
マリン保険薬局,北海道 澄川6条4丁目11-10,False,True
中の沢調剤薬局,北海道 中ノ沢1丁目1-4,False,True
さんこう調剤薬局藤野店,北海道 藤野三条7丁目1-26,False,True
サツドラ薬局　真駒内緑町店,北海道 真駒内緑町1丁目1-6,False,True
ファミリー薬局　藻岩店,北海道 南33条西11丁目2-17,False,True
サツドラ薬局　南33条店,北海道 南33条西11丁目4-3,False,True
調剤薬局クスリのツルハ　琴似店,北海道 琴似1条2丁目6-8,True,True
保険調剤いちご薬局琴似店,北海道 琴似2条4丁目3-15,False,True
西野調剤薬局,北海道 西野2条1丁目2-13,False,True
調剤薬局ツルハドラッグ西町北店,北海道 西町北10丁目１番６号,True,True
札幌西区ともメンタルクリニック,北海道 西町北7-2-11,True,False
アイン薬局　西町店,北海道 西町南21丁目1-1,True,True
ツルハ薬局　西町店,北海道 西町南5丁目13番地,True,True
ファミリｰ薬局　二十四軒店,北海道 二十四軒2条4丁目6-23　エクセルシュール二十四軒,False,True
アイン薬局　札幌西店,北海道 二十四軒2条4丁目7番17号　二十四軒中央メディカルプラザビル1階,True,True
アイン薬局 二十四軒店,北海道 二十四軒4条4丁目9-22,True,True
調剤薬局ツルハドラッグ　琴似駅東口店,北海道 八軒1条東1丁目4-1,True,True
あおぞら薬局ことに,北海道 八軒２条西４丁目１－５,False,True
東洋薬局　八軒,北海道 八軒5条西1丁目76-89　collab八軒 1F,False,True
サツドラ薬局　八軒店,北海道 八軒6条西3丁目1-3,False,True
クリオネ発寒薬局,北海道 発寒12条5丁目3-18,False,True
調剤薬局ツルハドラッグ　発寒１３条店,北海道 発寒13条4丁目13番85号,True,True
アイン薬局 大野記念病院店,北海道 宮の沢2条1丁目16番1号,True,True
調剤薬局ツルハドラッグ　山の手店,北海道 山の手1条6丁目5番10号,True,True
サツドラ薬局　山の手店,北海道 山の手3条6丁目5-15,False,True
アイン薬局　札幌山の手店,北海道 山の手4条7丁目1番32号,True,True
クリオネ山の手薬局,北海道 山の手4条7丁目4-15,False,True
サークル薬局山の手店,北海道 山の手５条１丁目1－24,False,True
みらくる薬局ことに店,北海道 八軒1条西1丁目2番10号琴似タワープレイス2階,False,True
サツドラ薬局　曙店,北海道 曙2条2丁目4-21,False,True
クリオネていね薬局,北海道 曙4条3丁目15－5,False,True
クリオネ曙６条薬局,北海道 曙6条2丁目2-16,False,True
明日風薬局,北海道 明日風5丁目９-２７,False,True
ハロー薬局　稲穂店,北海道 稲穂２条７丁目1-10,False,True
アイン薬局　手稲本町店,北海道 手稲本町2条4丁目2番20号,True,True
調剤薬局ツルハドラッグ　手稲星置駅前店,北海道 星置1条2丁目2番1号,True,True
フロンティアていね薬局,北海道 前田1条12丁目1-43,False,True
パルス薬局　手稲店,北海道 前田1条12丁目2-10,False,True
フロンティア薬局手稲中央店,北海道 前田1条12丁目2-15,False,True
たけうち薬局さくら店,北海道 前田2条10丁目1-8,False,True
メディモテイネ調剤薬局,北海道 前田2条13丁目3-18,True,True
サツドラ薬局　手稲前田2条店,北海道 前田2条13丁目3-20,False,True
アイン薬局　手稲稲積店,北海道 前田3条4丁目2-10,True,True
日本調剤稲積公園前薬局,北海道 前田３条４丁目２－１１,False,True
調剤薬局ツルハドラッグ　手稲前田店,北海道 前田4条10丁目2-10,True,True
エリム薬局手稲前田店,北海道 前田6条6丁目1番2-2号,True,True
調剤薬局ツルハドラッグ　手稲前田6条店,北海道 前田6条6丁目1番7号,True,True
ナカジマ薬局　宮の沢在宅調剤センター,北海道 西宮の沢４条１丁目 11-36-101,False,True
